publisher_id,publisher_name,channel,channel_id,custom_url,language,category,language_id,category_id
3,Dainik Jagran,Dainik Jagran,UCSKgOW8Pg_eZymYJyJc432g,@dainikjagran,Hindi,news,2,13
4,Jagran Prakashan,onlymyhealth,UCJgHIph1RZwd6UT4Z0XmL0w,@omh,Hindi,health,2,8
7,ESPN,ESPN,UCiWLfSweyRNmLpgEHekhoAg,@espn,English,sports,1,12
12,News18 Assamese,News18 Assamese,UCAjBd-r8JWfnRjfhg23nqLQ,@News18AssamNortheastLive,Assamese,news,13,13
14,Lokmat,Lokmat,UC5MHSwQ2menwYF2DqKoJsZg,@lokmat,Marathi,news,4,13
20,CNN-News18,CNN-News18,UCef1-8eOpJgud7szVPlZQAQ,@cnnnews18,English,news,1,13
56,Forbes India,Forbes India,UCb9Cheg6Cf6r2mcsaleVx7g,@ForbesIndia,English,news,1,13
58,moneycontrol,moneycontrol,UChftTVI0QJmyXkajQYt2tiQ,@moneycontrol,English,business,1,17
92,Webdunia Gujarati,Webdunia Gujarati,UCdxzHoHBXyY0Rsyuh4gZKUg,@WebduniaGujarati,Gujarati,news,3,13
232,Rajasthan Patrika,Rajasthan Patrika,UCWk-7Yosyvzln9ZzJg8BvVg,@rajasthanpatrikatv,Hindi,news,2,13
243,Digit,Digit,UCXpIVRiyfsMB2aXXn2yq6LA,@digit,English,technology,1,14
324,Webdunia Tamil,Webdunia Tamil,UCxFIiFdLJaTcNBfQYTiLElw,@Webdunia-Tamil,Tamil,news,6,13
328,News18 Bangla,News18 Bangla,UCbf0XHULBkTfv2hBjaaDw9Q,@News18Bangla,Bangla,news,7,13
371,News18 Gujarati,News18 Gujarati,UCqfX_f4rBbPhq_KESE4saCA,@News18Gujarati,Gujarati,news,3,13
534,News18 Urdu,News18 Urdu,UC9IQhNgS43lmUdU-KdGyb0A,@News18Urdu,Urdu,news,8,13
535,News18 Hindi,News18 Hindi,UCPP3etACgdUWvizcES1dJ8Q,@news18India,Hindi,news,2,13
540,News18 Lokmat,News18 Lokmat,UCrcpw88HvKJ0skdsHniCJtQ,@News18LokmatTV,Marathi,news,4,13
638,Namasthe Telangana,Namasthe Telangana,UCGK11EQwSUXSBDsP-Aw9RWQ,@Namasthetelangaana,Telugu,news,5,13
685,Sportskeeda Cricket,Sportskeeda Cricket,UCNB3EZTFZhVTwvEoo1Cw3Dg,@sportskeedacricket4040,English,cricket,1,18
693,GSTV News,GSTV News,UCR6arqcGnmild76MuXQjezA,@gstvnews,Gujarati,news,3,13
733,Pinkvilla,Pinkvilla,UCkJZQddO3XTCdcLjN019FjA,@pinkvilla,English,entertainment,1,3
795,Car Dekho,Zigwheels,UCjmjWp38PCg15Z5ZS-tmpfw,@zigwheels,English,automotive,1,10
852,ഡിജിറ്റ് മലയാളം - Digit Malayalam,Digit Malayalam,UCd7ycss5JkVzLK7Gpvpb6bg,@digitmalayalam,Malayalam,technology,10,14
1093,Koimoi,Koimoi,UC-Yzz2q5vFkCxbUiqJQzcEQ,@koimoi,English,entertainment,1,3
1144,The Quint,The Quint,UCSaf-7p3J_N-02p7jHzm5tA,@thequint,English,business,1,17
1160,Prabhasakshi,Prabhasakshi,UCk77z4G2lg2_wFoFRz6XZSg,@prabhasakshinews,Hindi,news,2,13
1198,The Free Press Journal,The Free Press Journal,UCM1VqjE2rshkzKfp4zRVwKA,@thefreepressjournal,English,news,1,13
1222,News18 Malayalam,News18 Malayalam,UC-mMi78WJST4N5o8_i1FoXw,@News18Kerala,Malayalam,news,10,13
1234,News18 Kannada,News18 Kannada,UCa-vioGhe2btBcZneaPonKA,@News18Kannada,Kannada,news,9,13
1236,News18 Telugu,News18 Telugu,UC-PPlFHLfi4wcFOe6DrReCQ,@News18Telugu,Telugu,news,5,13
1245,Shivalik Journal,Shivalik Journal,UCUQF08IjPILDa3JiHJrMaDg,@shivalikjournal,Hindi,news,2,13
1268,Dynamite News,Dynamite News,UCxwOzeiqH88wAvYmpWeEy5A,@dynamitenews1,Hindi,news,2,13
1329,Punjab Kesari,Punjab Kesari TV,UC3_TTermAnf2fcLe-QX7BVQ,@punjabkesaritv,Hindi,news,2,13
1334,Sangbad Pratidin,Sangbad Pratidin,UCLPCvTftdZpZQSM-mckfqXQ,@sangbadpratidin,Bangla,news,7,13
1336,VTV Gujarati,VTV Gujarati News and Beyond,UCMX41X1am8oYxT336dqk4sA,@VtvGujarati,Gujarati,news,3,13
1339,Outlook Magazine,Outlook Magazine,UCMV-o0NQaBeldj1YaiY4xvg,@OutlookMagazine,English,news,1,13
1405,JioSaavn,JioSaavn,UCqi93fwjyr32JA3JeULeNkA,@jiosaavn,English,entertainment,1,3
1479,Sakal,SakalMedia,UC-AY02VQo-F_trSeTKUu_QQ,@SakalMediaGroup,Marathi,news,4,13
1522,Himachal Abhi Abhi,Himachal Abhi Abhi,UC8G7QzU-XjVNDLFlzN1JJlg,@himachalabhiabhinews,Hindi,news,2,13
1525,Gne Bangla,Gne Bangla,UC99U0NbywAGthCBLKhDkclw,@gnebangla,Bangla,news,7,13
1566,Odisha Live,OdishaLIVE,UC-I8Yhx2Sf-5muUol-ZHvCg,@OdishaLIVE,Odia,news,11,13
1591,PeepingMoon Hindi,PeepingMoon Hindi,UCv5k3vIjch04MI__uPWzf5A,@peepingmoon2646,Hindi,entertainment,2,3
1611,Tarun Mitra,Tarun Mitra,UCWTcltaNOZhGN834YnyLAxw,@tarunmitranews4102,Hindi,news,2,13
1618,Mango News,Mango News,UCv98nH5lII-twQqyvFVRe8Q,@mangonews,Telugu,news,5,13
1621,NDTV,NDTV,UCZFMm1mMw0F81Z37aaEzTUA,@ndtv,English,news,1,13
1623,Captain News,Captain News,UC8Z-VjXBtDJTvq6aqkIskPg,@polimernews,Tamil,news,6,13
1625,Galatta Tamil,Galatta Tamil,UCSbUX_gKMur5FPcTbH2L5mA,@GalattaTamil,Tamil,news,6,13
1629,Nandighosha TV,Nandighosha TV,UCCTrqrHKqdS915K-TpMG6pg,@nandighoshatv,Odia,news,11,13
1640,Women's Web,Women's Web,UCMEEsJUnSZrpXPaepdSm5Yw,@womenswebindia,Hindi,news,2,13
1644,Time8 News,Time8 News,UCDnrXkM5KnZnfheiLDjaNbg,@time8news,Assamese,news,13,13
1664,National Duniya,National Duniya,UCu5Anj5eXCTbzybYQr_E0Rg,@nationalduniya8449,Hindi,news,2,13
1665,The Argus,The Argus,UCwBK7Cdk0wq8rCjxcvaoHzg,@argusnews_in,Odia,news,11,13
1674,IBC24,IBC24,UCBc13XYipnBIBE3Ff8QaaGg,@ibc24innews,Hindi,news,2,13
1681,Siasat Daily,Siasat Daily,UC8lVvurdhqV2-cTizQjh4wQ,@siasatdailynews,Urdu,news,8,13
1685,24 Ghante Online,24 Ghante Online,UCsm69DEqCPW_0lQ0utcM0DA,@24ghanteonline,Hindi,news,2,13
1699,Kashmir Monitor,Kashmir Monitor,UCSsvgHSJixaPVduu3-xmDOw,@kashmirmonitor,English,news,1,13
1700,Kalakkalcinema Videos,Kalakkalcinema Videos,UCqv-IG_22jidFMPX4lfILVQ,@KalakkalcinemaVideos,Tamil,entertainment,6,3
1710,NewsFirst Kannada,NewsFirst Kannada,UCFRlIV1mX-traJb5fd7S3nw,@newsfirstkannada,Kannada,news,9,13
1714,Navbharat Live,Navbharat Live,UCWblKweZ4XcF12mpk00STzw,@enavabharat,Hindi,news,2,13
1720,autoX,autoX,UCE6olusNOY-YmBoT9ArfjGg,@autox,English,automotive,1,10
1730,True Scoop TV,True Scoop TV,UCeJM_WX9j-n9q4b7AmvWL-Q,@truescooptv,English,news,1,13
1745,Disha TV,Disha TV,UC2A79PtHiLLdfpeP8zsJpwQ,@dishatvtelugu,Telugu,news,5,13
1747,Business Insider India,Business Insider India,UC62AhAC25Ukuscqux_f1rjA,@businessinsiderindia9294,English,news,1,13
1779,My Jyotish,My Jyotish,UCZsm4lkC1B_ZQZnjJnzM-Iw,@myjyotish,Hindi,astrology,2,22
1818,Tatwamayi News,Tatwamayi News,UC2CFIlhrZKca1I0JqmRmpTQ,@tatwamayinews,Malayalam,news,10,13
1837,Torrent Spree,Torrentspree,UCCaAR1Sblimn6d_7DFxwlxQ,@torrentspree,Kannada,news,9,13
1838,RISE2GETHER,RISE2GETHER,UC1Jfkw9nXWT59qs-oEp2u0w,@RISE2GETHER_AJAY,Hindi,health,2,8
1850,NEWJ,brieflybynewj,UCvdR5_T-tjRVyLVIzPI6Hkw,@brieflybynewj,Hindi,news,2,13
1851,NEWJ,gameonbynewj,UCroXYbhU8G2436kTb_wYnGQ,@gameonbynewj,Hindi,news,2,13
1852,NEWJ,NewJ,UCvTAAa8-yBQEVgLLCKYbAiQ,@newjplus,Hindi,news,2,13
1853,Hindu Tamil Thisai,Hindu Tamil Thisai,UCJ36XbT02JNAlBEBgZtW7GQ,@hindutamilthisai,Tamil,news,6,13
1854,The Hindu Tamil,The Hindu Tamil,UCqdgpyEDft-GJ2ey_izis-g,@HinduTalkies,Tamil,news,6,13
1855,The Hindu Tamil,The Hindu Tamil,UC5pPf55uk0gTfB3_8Dm5x7g,@anandajothi,Tamil,news,6,13
1856,The Hindu Tamil,The Hindu Tamil,UCFwhrXOTW6wj-j5qUYWbbOQ,@SelfieReview,Tamil,news,6,13
1857,The Hindu Tamil,The Hindu Tamil,UCorwGmogWhOVpIHmfXhqnHQ,@KamadenuTamil,Tamil,news,6,13
1858,BYJU'S GATE,BYJUSExamPrepGateEseCEMEXE,UCHsdfdC07E9yISYSYd9oe8w,@BYJUSExamPrepGateEseCEMEXE,English,Career,1,26
1859,BYJU'S GATE,BYJUSExamPrepGateEseEEECINCS,UCCDB1Hwlr5Bk-zO4eEcWNTQ,@BYJUSExamPrepGateEseEEECINCS,English,Career,1,26
1860,Republic world,Republic world,UCwqusr8YDwM-3mEYTDeJHzw,@RepublicWorld,English,news,1,13
1861,Republic world,Republic Bharat,UC7wXt18f2iA3EDXeqAVuKng,@RepublicTVBharat,Hindi,news,2,13
1862,Republic world,Republic Bangla,UCajVjEHDoVn_AHsunUZz_EQ,@republicbangla,Bangla,news,7,13
1863,Anweshanam,Anweshanam,UCL6vhxTDWWAzQRUQ0rR6ULQ,@anweshanam,Malayalam,news,10,13
1864,Anweshanam,Anweshanam,UCmoN1rTsiKO2Jv7SEHdgXQA,@news60,Malayalam,news,10,13
1865,Malayalam Express,Malayalam Express,UC2NS0HRw_W3kOYd7WyPQQ2g,@Talkie_Express,Malayalam,news,10,13
1866,Malayalam Express,Malayalam Express,UCa-Pzt8rSEuTcUKJOie8QrQ,@MalayalamExpressNews,Malayalam,news,10,13
1867,Malayalam Express,Malayalam Express,UCzqrSgcGF1f-BzM1EVk4M9A,@MalayalamExpressTV2018,Malayalam,news,10,13
1868,Malayalam Express,Malayalam Express,UC0prC5ZU9rABYiUv22cHhhw,@malayalamexpress974,Malayalam,news,10,13
1869,BYJU'S SSC & Railway,SSCandRailwayBYJUSExamPrep,UClyn4xufkVCSryKLc7-6c5Q,@SSCandRailwayBYJUSExamPrep,English,Career,1,26
1870,Healthy Hamesha,Healthy Hamesha,UCys-KuZ7z2KHsPaW4U_lEBQ,@HealthyHamesha,Hindi,health,2,8
1871,BloombergQuint,BloombergQuint,UC3uJIdRFTGgLWrUziaHbzrg,@bqprime,English,business,1,17
1872,Filmy News Gossip,Filmy News Gossip,UCmjlfM8jeNFaGwJLB-02IGQ,@entertainmentupdates69,Telugu,entertainment,5,3
1873,Seniors Today,Seniors Today,UC67-XKURH6aBYx9SlayDFig,@seniorstoday,English,health,1,8
1874,Health and Fitness Tips,Health and Fitness Tips,UCnlgiPLpnXdXr7opagJv3fA,@healthandfitnesstip,English,health,1,8
1875,Digit Kannada,Digit Kannada,UCEaQMqN-bqZvjhbu5Qos27Q,@digitkannada,Kannada,technology,9,14
1876,Diamond Magazines,Grehlakshmi,UC3fdFljRmecB3nd6tYmq4ow,@iamgrehlakshmi,Hindi,entertainment,2,3
1877,Diamond Magazines,Cricktoday,UCMjwxGIoflFDX42YvVbew2A,@crictodayindia,Hindi,sports,2,12
1878,Digit Telugu,Digit Telugu,UCmERWHzlS4PS7C3JhqdQg2A,@digittelugu,Telugu,technology,5,14
1879,Ryan Fernando,Ryan Fernando,UCONax_0CMWVL6b7tHulEQhA,@celebritynutritionistryan,English,health,1,8
1880,Digit Bangla,Digit Bangla,UCqMDK9dwTlIITAJD-MWjEiQ,@digitbangla,Bangla,technology,7,14
1881,Dr Pal,Dr Pal,UCP4k407eomZThGHo_9sgMkg,@DrPal,English,health,1,8
1882,Saam TV,Saam TV,UC6cxTsUnfSZrj96KNHhRTHQ,@SaamTV,Marathi,news,4,13
1883,Isha Foundation,Isha Foundation,UCgaiWfiix1zaQS6Mn5SIw2g,@ishafoundation,English,health,1,8
1884,CNBC TV18,CNBC - TV18,UCmRbHAgG2k2vDUvb3xsEunQ,@CNBC-TV18,English,business,1,17
1885,Sounds of Isha,Sounds of Isha,UCT8M_hDfTRjUbs8hwahZyBA,@soundsofisha,English,spiritual,1,20
1886,Sadhguru,Sadhguru,UCcYzLCs3zrQIBVHYA1sK2sw,@sadhguru,English,health,1,8
1887,Sadhguru,Sadhguru Hindi,UCJ2KaH9TTjZdmKwwAFwwFkA,@SadhguruHindi,Hindi,health,2,8
1888,Sadhguru,Sadhguru Tamil,UCsVCyZFXPPL_iYD8-O2UvrQ,@SadhguruTamil,Tamil,spiritual,6,20
1889,Sadhguru,Sadhguru Telugu,UCNxOfQA4r5BSJMIQzRPIeQw,@SadhguruTelugu,Telugu,spiritual,5,20
1890,Sadhguru,Sadhguru Malyalam,UCIAdGobptLFqTpbDauCnKhw,@SadhguruMalayalam,Malayalam,spiritual,10,20
1891,Sadhguru,Sadhguru Kannada,UC2XEzs5R1mn2wTKgtjuMxiQ,@SadhguruKannada,Kannada,spiritual,9,20
1892,Sadhguru,Sadhguru Marathi,UCIiXzyCf-PL3FHve7ylSCeA,@SadhguruMarathi,Marathi,spiritual,4,20
1893,Sadhguru,Sadhguru Gujarati,UCNI69xZrdnciORKJDd77Fiw,@SadhguruGujarati,Gujarati,spiritual,3,20
1894,Sadhguru,Sadhguru Bangla,UCj6F6irakw10kKGEe3wZX_A,@SadhguruBangla,Bangla,spiritual,7,20
1895,Sadhguru,Sadhguru Odia,UCp212L-a82PSAllY7IIn0Uw,@SadhguruOdia,Odia,spiritual,11,20
1896,Sadhguru,Sadhguru Assamese,UCyaNJ-pnCnRhzGzVZ0jTRow,@sadhguruassamese4677,Assamese,spiritual,13,20
5001,ANI,ANI,UCtFQDgA8J8_iiwc5-KoAQlg,@aninewsindia,English,news,1,13
5014,GoNews,Go News,UCT701YsERryYrQ1Sz8XEGaA,@gonewsindia,Hindi,news,2,13
9011,News18 Odia,News18 Odia,UCUK49UvmYWYLiB7_bZFuFZQ,@News18Odia,Odia,news,11,13
9013,News18 Bihar,News18 Bihar,UC531MlZA5LUbeGwEN_zcppw,@News18BiharJharkhand,Hindi,news,2,13
9015,CNBC Awaaz,CNBC - Aawaz,UCQIycDaLsBpMKjOCeaKUYVg,@cnbcawaaz,Hindi,business,2,17
9021,Lallantop,Lallantop,UCx8Z14PpntdaxCt2hakbQLQ,@thelallantop,Hindi,news,2,13
9022,Gambheer Samachar,Gambheer Samachar,UC-wJEUi0GKw2RxqkX1AeYww,@gambheersamachar6118,Hindi,news,2,13
9023,Sharmila Showhouse,Sharmila Showhouse,UC633Fg3rXkVNw1e7ZORWHuw,@SharmilaShowhouse,Bangla,news,7,13
9025,India Blooms,India Blooms,UCHSDSUSK6IHrXrA9902SjeQ,@indiabloomsnewsservice1741,English,news,1,13
9036,KidzByte,KidzByte,UCIb-YoV_cDOd7Og2zKKOZsA,@kidzbytetv,English,news,1,13
9037,Campaigncalling media,Campaigncalling media,UCrp7axFgr0WTbFWybKFKZlQ,@CampaigncallingMedia,Bangla,news,7,13
9047,Bollywood Tadka Punjabi,Bollywood Tadka Punjabi,UCEkRUp2K6bC2o9ZX5fy8scw,@BollywoodTadkaPunjabi,Punjabi,news,12,13
9048,Jagbani,Jagbani,UCCdck7pTS5H4SR2VZw_O96A,@jagbanipb,Punjabi,news,12,13
9049,Kundli TV,Kundli TV,UCSZTbcYy4uoo8Y1rEzxpRgQ,@kundlitv,Hindi,astrology,2,22
9055,xBhp,xBhp,UCOaCnLXp374Z_8DhU9-OkPA,@xBhpvideos,English,automotive,1,10
9057,Viral Marathi,Viral Marathi,UCpF1JHDWGyYkMdo7RgTTOYA,@newsviralmarathi,Marathi,news,4,13
9058,Fit Tuber English,Fit Tuber English,UCYC6Vcczj8v-Y5OgpEJTFBw,@FitTuber,English,health,1,8
9059,Fit Tuber Hindi,Fit Tuber Hindi,UCDWVNwQce16D16tPc5NBYlQ,@FitTuberHindi,Hindi,health,2,8
9060,Car India Magazine,Car India Magazine,UC76ZHFf0mAD8-DaqEln3aSA,@CarIndiamagazine,English,news,1,13
9064,Khooni Monday,Khooni Monday,UCz67TNWBqU38S8VRvjDO2wg,@khoonimonday,Hindi,entertainment,2,3
9068,NDTV India,NDTV India,UC9CYT9gSNLevX5ey2_6CK0Q,@ndtvindia,Hindi,news,2,13
9069,Tech Travel Eat by Sujith Bhakthan,Tech Travel Eat by Sujith Bhakthan,UCeoRAN5sr02w8_9aFWxIM4g,@TechTravelEat,Malayalam,news,10,13
9071,Sanjeev Kapoor Khazana,Sanjeev Kapoor Khazana,UCmoX4QULJ9MB00xW4coMiOw,@sanjeevkapoorkhazana,English,food,1,9
9081,Nakkheeran TV,Nakkheeran TV,UCdMtj4CiqlZTgzFT5FdDd7A,@NakkheeranTV,Tamil,news,6,13
9082,Nakkheeran 360,Nakkheeran 360,UCmDQCesLnfGrZy4c7mCg50w,@Nakkheeran360,Tamil,news,6,13
9087,Mumbai Indians,Mumbai Indians,UCl23mvQ3321L7zO6JyzhVmg,@mumbaiindians,English,cricket,1,18
9099,Jagran Josh,Jagran Josh,UCYXYA4wnUN79uwxUe0NAW9Q,@jagranjosh,Hindi,business,2,17
9103,Jagran HiTech,Jagran HiTech,UCmQjwvkaB6MPobHnkNKtJJQ,@JagranHiTech,Hindi,technology,2,14
9107,Car Dekho,Powerdrift,UCMDV6J2hWXet7ZCfgrXGgeg,@powerdriftofficial,English,automotive,1,10
9125,NYOOOZ UP-Uttarakhand,NYOOOZ UP-Uttarakhand,UCIowS6bvyA8gD4X5J0E-yEw,@nyooozhindi,Hindi,news,2,13
9133,Asset Yogi,Asset Yogi,UCsNxHPbaCWL1tKw2hxGQD6g,@assetyogi,Hindi,business,2,17
9135,Krushinama,Krushinama,UCNgsCNv1UBvVzAZAtdpzHoA,@krushinama,Marathi,agro,4,51
9136,InShorts Marathi,InShorts Marathi,UChZR5ps6cv7BdKIAaJhqhTA,@inshortsmarathi,Marathi,news,4,13
9137,Maharashtra Desha,Maharashtra Desha,UCQfL0-rUF8ieDoj6aBTCclQ,@mahadesha,Marathi,news,4,13
9138,Mayapuri Cut,Mayapuri Cut,UCC4SQSLUUm0X3lSwu-hwk-A,@mayapuricut,Hindi,entertainment,2,3
9139,Bollyy TV,Bollyy TV,UCAmyPudRjUAtqB-hef84cKA,@bollyytv,Hindi,entertainment,2,3
9140,Ranveer Brar,Ranveer Brar,UCEHCDn_BBnk3uTK1M64ptyw,@RanveerBrar,Hindi,food,2,9
9146,Astrologer Bejan Daruwalla,Astrologer Bejan Daruwalla,UCAHnJF081UOJtLjtV5TUblg,@bejandaruwallaofficial,Hindi,astrology,2,22
9147,The Mobile Indian,The Mobile Indian,UCV3LhAvsuoRUfv311OecnfQ,@themobileindianofficial,Hindi,technology,2,14
9198,Lokmat Bhakti,Lokmat Bhakti,UCRPaDR9Y6tOH3Hgi9H23acw,@LokmatBhakti,Marathi,spiritual,4,20
9200,TsMadaan,TsMadaan,UCKjJXmZxk1SiTUQUB28KHpw,@tsmadaan,Hindi,Career,2,26
9202,Pooja Sachdeva,Pooja Sachdeva,UCegyLMBRPQQxdjI2QWDT4_A,@poojasachdeva,Hindi,entertainment,2,3
9205,Showsha,Showsha,UCLnuTrdp3MBzo9ZPig5szbQ,@SHOWSHAIndia,English,entertainment,1,3
9206,News18 Virals,News18 Virals,UCAF1vryFYnaYhbpvL351ntA,@News18Virals,Hindi,news,2,13
9208,Firstpost,Firstpost,UCz8QaiQxApLq8sLNcszYyJw,@Firstpost,English,news,1,13
9209,Viral Bhayani,Viral Bhayani,UC1bdAV8ZlDI8YJWLRPh3fAg,@viralbhayani,English,entertainment,1,3
9210,Astrologer Ridhibahl,Astrologer Ridhibahl,UCpAAWiYOynyaCmWUtiVvCZg,@astrologerridhibahl,Hindi,astrology,2,22
9211,Praveen Dilliwala,Praveen Dilliwala,UCaaNkoAIWG_piI3srX0rxDQ,@praveendilliwala,Hindi,Career,2,26
9213,OTV News,OTV News,UCLICwoQk9zLpb8FpKq9UxpQ,@otvnewsenglish,English,news,1,13
9214,Filmy NEWJ,FilmyNEWJ,UCJAgiQ_pIaZh-AwlVIigALg,@FilmyNEWJ,Hindi,news,2,13
9216,Hombale Films,Hombale Films,UCarJoVXH0T2pdtcHBu9J8Bw,@HombaleFilms,Kannada,entertainment,9,3
9217,DB Live,DB Live,UCBbpLKJLhIbDd_wX4ubU_Cw,@dblive,Hindi,news,2,13
9219,OTT India,OTT India,UCxSPAZUUQaAxx1q8o0YcM9g,@ottindia,Hindi,news,2,13
9221,Janam TV,Janam TV,UCNVkxRPqsBNejO6B9thG9Xw,@tvjanam,Malayalam,news,10,13
9222,Sandesh News,Sandesh News,UCiAH2s_M6nPfGZk-PpfyPkg,@sandeshnewstv,Gujarati,news,3,13
9223,Tamil Cricket News,Tamil Cricket News,UC4FUjHHzr753fv9vQ4mE32g,@tamilcricketnews,Tamil,cricket,6,18
9224,Telugu Buzz,Telugu Buzz,UCTNh21Nuh-nY5XZxg8cf4-w,@telugubuzzofficialchannel,Telugu,cricket,5,18
9228,Cricket Poster,Cricket Poster,UCnPPkj5JtkEae-bWwz_dY3w,@cricketposter,Telugu,cricket,5,18
9233,Telugu Bhakthi - తెలుగు భక్తి,Telugu Bhakthi - తెలుగు భక్తి,UCkQfTeInzwRAYXoo9Nfz2Fw,@telugubhakti,Telugu,spiritual,5,20
9234,Go Sport,Go Sport,UCAbtL_olLzW3QeQ-RAj73oA,@gosportyoutube,Bangla,cricket,7,18
9235,Astro Chinnaraj,Astro Chinnaraj,UC-E5mr-VPLe3bO725QjqGnw,@astrochinnaraj,Tamil,astrology,6,22
9237,Lokmat CNX Filmy,Lokmat Filmy,UCC_aEK1jUpUPaa_N1aamvlA,@LokmatFilmy,Marathi,entertainment,4,3
9240,Lokshahi News,Lokshahi News,UC2ut_DrUZvO0BzUxZ_g9fXQ,@lokshahimarathi,Marathi,news,4,13
9242,Tamil Cricket,Tamil Cricket,UCY6RnwdKKhZA0sIgY8P8bOQ,@tamilcricket,Tamil,cricket,6,18
9243,Vroom Head,Vroom Head Malayalam,UCys-xgPPR3Aalyuc9x3rfDA,@VroomHeadMalayalam,Malayalam,news,10,13
9244,Samachar Today,Samachar Today,UC_xI1-TPo7cRINy-PVpcxVA,@samachartodaytv,Hindi,news,2,13
9250,Cricketnmore,Cricketnmore,UCDu0qWEw2QDkiONnYWMlAsw,@cricketnmoreofficial,English,cricket,1,18
9251,ETV Bharat Hindi,ETV Bharat Hindi,UCcFGc2XWaYDHmscBaS03gVA,@etvbharathindinational,Hindi,news,2,13
9264,Dainik Maharashtra,Dainik Maharashtra,UC21hE6Lsp0nPoiKlu4876Sg,@dainikmaharashtra,Marathi,news,4,13
9268,BYJU'S IAS,Gradeup 5,UC1pfsmDBnMQB8sOuQvmTvRQ,@BYJUSIAS,English,Career,1,26
9269,BYJU'S IAS Hindi,BYJU'S IAS Hindi,UCt-54gb391qjUwSFv24vyBw,@BYJUSIASHindi,Hindi,Career,2,26
9272,BYJU'S CLAT,BYJUSExamPrepLAWCLAT,UCbONxIZkt9--7UPyYPYQYfA,@BYJUSExamPrepLAWCLAT,English,Career,1,26
9273,BYJU'S AE JE,BYJU'S AE JE,UCtNSK_mgNLHSzNsrUpxP_Pg,@BYJUSExamPrepSSCRRBJEAE,English,Career,1,26
9274,BYJU'S UGC NET,BYJU'S UGC NET,UCYJwuSC55Lnp6rmhOZov7tA,@byjusexamprepugcnetset,English,Career,1,26
9275,BYJU'S CSIR NET,BYJU'S CSIR NET,UCdoiJyQk9CgtBJAtW2M0t1A,@BYJUSExamPrepCSIRNETSET,English,Career,1,26
9276,BYJU'S UPPSC,BYJU'S UPPSC,UCC7lRN7h1QbmqlMZEWctiLA,@uppscpcsbyjus,English,Career,1,26
9277,BYJU'S BPSC,BYJU'S BPSC,UCxRuuu6ii9OWl5CUDim840w,@bpscbyjus,English,Career,1,26
9278,BYJU'S CDS,BYJUSEXAMPREPCDSAFCATCAPF,UCrGow2eP8UTMyUxf0Xdfzlg,@BYJUSEXAMPREPCDSAFCATCAPF,English,Career,1,26
9279,BYJU'S NDA,BYJU'S NDA,UC-n8szdwFgv4eAoO-GKbGNA,@BYJUSExamPrepNDAExpress,English,Career,1,26
9280,BYJU'S CTET & PRT,BYJU'S CTET & PRT,UCR4EwBu5Tn1x-z8zgulT-Wg,@BYJUSExamPrepTeaching,English,Career,1,26
9281,BYJU'S Bank PO,BankingExamsPrep,UCiY0rSCiZakRAPkhsEElhBw,@BankingExamsPrep,English,Career,1,26
9282,BYJU'S Regulatory Bodies,BYJU'S Regulatory Bodies,UC9Pl36fD2MwvfVSijMTeFyQ,@BEPRegulatoryBodies,English,Career,1,26
9284,ONE Championship,ONE Championship,UCiormkBf3jm6mfb7k0yPbKA,@ONEChampionship,English,sports,1,12
9329,Film Companion,Film Companion,UC55os7K-eMLTJy_aXzm5sHw,@FilmCompanion,English,entertainment,1,3
9338,Top Tamil News,Top Tamil News,UCNmobrznoIYDgFot540FZfg,@TopTamilNews,Tamil,news,6,13
9339,Sree Sannidhi TV,Sree Sannidhi TV,UCo9mV9RX-XYGD9k2ucKFVcA,@sreesannidhitvofficial,Telugu,spiritual,5,20
9340,Niravi TV,Niravi TV,UCwkpBhpTectHwqCTWt9vhvg,@niravitv,Telugu,spiritual,5,20
9347,ESPN,ESPN,UCujuVKmt_utAQZJghxlRMIQ,@espncricinfo,English,cricket,1,18
9349,TV9 Bharatvarsh,TV9 Bahartvarsh,UCOutOIcn_oho8pyVN3Ng-Pg,@TV9Bharatvarsh,Hindi,news,2,13
9350,TV9 Marathi,TV9 Marathi,UCdOSeEq9Cs2Pco7OCn2_i5w,@TV9MarathiLive,Marathi,news,4,13
9351,TV9 Bangla,TV9 Bangla,UCHCR4UFsGwd_VcDa0-a4haw,@TV9BanglaLive,Bangla,news,7,13
9353,91 mobiles,91 mobiles,UCWJedqvdP2gB2f3qaJCO05g,@91mobiles,Hindi,technology,2,14
9354,Pratidin Time,Pratidin Time,UC1JkYCOb4wKvdWreGQ0CR9g,@Prtidintime,Assamese,news,13,13
9355,Aakash Healthcare,Aakash Healthcare,UCSi3HUypMZiZX8gtUNXn2gw,@aakashhealthcare,Hindi,health,2,8
9356,TV9 Gujarati,TV9 Gujarati,UCeJWZgSMlzqYEDytDnvzHnw,@TV9GujaratiNews,Gujarati,news,3,13
9357,TV9 Kannada,TV9 Kannada,UC8dnBi4WUErqYQHZ4PfsLTg,@tv9kannada,Kannada,news,9,13
9359,TV9 Telugu,TV9 Telugu,UCPXTXMecYqnRKNdqdVOGSFg,@TV9TeluguLive,Telugu,news,5,13
9360,News9 Live,News9 Live,UCRK4FDIkUyslEAUdyRDdCtQ,@NEWS9LIVE,English,news,1,13
9361,Cricketnext,Cricketnext,UCY9G05h0IBHAimoCQLmovuA,@CricketNextLive,English,cricket,1,18
9362,GunjanShouts,GunjanShouts,UCKRpf_HZfpLwxuIgyeYnsVw,@GunjanShouts,Hindi,health,2,8
9366,UP Dainik Bhaskar,UP Dainik Bhaskar,UCTVyglVOfPrI5AGKBl0wlNQ,@dainikbhaskar-uttarakhanda2769,Hindi,news,2,13
9367,Khabarchhe,Khabarchhe,UC7_8Uv7TBiBC9wo0-ctTnOA,@khabarchhe,Gujarati,news,3,13
9369,Digit Tamil,Digit Tamil,UCLkVJpTLHhEh85-UtpS-EAw,@digittamil,Tamil,technology,6,14
9372,News18 Tamil,News18 Tamil,UCat88i6_rELqI_prwvjspRA,@News18Tamilnadu,Tamil,news,6,13
9387,The Wall News,The Wall News,UCxhf49wOiJeWiUzkBfuAEcQ,@TheWallNews,Bangla,news,7,13
9388,Prameya News,Prameya News7,UCaErUjJ2bJ7I7fYqrvwS3bw,@PrameyaNews7Odia,Odia,news,11,13
9389,Times Applaud,Times Applaud,UCEBefZHjKrPsawl69TiympQ,@TimesApplaud,Hindi,entertainment,2,3
9400,TheSootr,TheSootr,UCnOACbwmpn3_adWl_zU63YQ,@thesootr,Hindi,news,2,13
9401,FastFWD,FastFWD,UC9dfHbEGxDMe8Bl_dNyp0xQ,@fastfwdbynewsj,Hindi,automotive,2,10
9403,Latestly,Latestly,UC3Fci14HzLNhI9_stjLWV7g,@LatestLYIndia,Hindi,news,2,13
9404,Aajkaal,Aajkaal.in,UCkwTQGJelg1F-gV2ZmfPg8Q,@aajkaalinofficial,Bangla,news,7,13
9405,Bollywood Town,Bollywood Town,UCB07306JGVnGTaUU1XVUAhQ,@BollywoodTown,Hindi,entertainment,2,3
9406,Chai And Churan,Chai And Churan,UCGVjx89C-v-2SFPGiSmIMMQ,@chaiandchuran,Hindi,entertainment,2,3
9407,Kisan India,Kisan India,UCC0sKVb7btEKzlQ05pJcvTA,@kisanindia,Hindi,Agro,2,51
9408,News Nation,News Nation,UCsNdeLwEZf86swPD3qJJ7Dw,@NewsNationTV,Hindi,news,2,13
9409,Filmy Beyond,Filmy Beyond,UCoJ7kM4LhPhNHlpnN_mWFBA,@filmybeyond,Hindi,entertainment,2,3
9410,Jaipur Literature Festival,Jaipur Literature Festival,UCKTmQriO9OorGm-YfaRDNeg,@jprlitfest,English,entertainment,1,3
9411,GaneshaSpeaks,GaneshaSpeaks,UCp6_WveB73-Y0cvHcZXEVGA,@ganeshaspeakslive,Hindi,astrology,2,2
